week_start,week_end,is_future,confidence_level,model_name,predicted_arrivals,lower_bound,upper_bound,features_used
2026-01-01,2026-01-07,True,0.95,random_forest,908,800,1016,"{""week_of_year"": 1.0, ""month"": 1.0, ""festival_intensity_score"": 1.0, ""festival_demand_multiplier"": 1.0, ""is_esala_perahera"": 0.0, ""is_esala_preparation"": 0.0, ""is_esala_post_festival"": 0.0, ""is_august_buildup"": 0.0, ""is_poson_perahera"": 0.0, ""is_vesak"": 0.0, ""is_sinhala_tamil_new_year"": 0.0, ""is_christmas_new_year"": 0.0, ""is_deepavali"": 0.0, ""is_thai_pongal"": 0.0, ""is_monthly_poya_week"": 1.0, ""poya_days_away"": 0.0, ""is_school_holiday"": 0.0, ""is_any_festival"": 0.0, ""days_until_next_esala"": 221.0, ""avg_weekly_rainfall_mm"": 50.0, ""avg_temp_celsius"": 26.0, ""avg_humidity_pct"": 75.0, ""is_monsoon_week"": 0.0, ""is_covid_period"": 0.0, ""is_easter_attack_period"": 0.0, ""is_economic_crisis"": 0.0, ""is_normal_operation"": 1.0}"
2026-01-01,2026-01-07,True,0.95,lstm,861,753,969,"{""lookback"": 12}"
2026-01-08,2026-01-14,True,0.95,random_forest,1087,957,1217,"{""week_of_year"": 2.0, ""month"": 1.0, ""festival_intensity_score"": 4.0, ""festival_demand_multiplier"": 1.3, ""is_esala_perahera"": 0.0, ""is_esala_preparation"": 0.0, ""is_esala_post_festival"": 0.0, ""is_august_buildup"": 0.0, ""is_poson_perahera"": 0.0, ""is_vesak"": 0.0, ""is_sinhala_tamil_new_year"": 0.0, ""is_christmas_new_year"": 0.0, ""is_deepavali"": 0.0, ""is_thai_pongal"": 1.0, ""is_monthly_poya_week"": 0.0, ""poya_days_away"": 0.0, ""is_school_holiday"": 0.0, ""is_any_festival"": 1.0, ""days_until_next_esala"": 214.0, ""avg_weekly_rainfall_mm"": 50.0, ""avg_temp_celsius"": 26.0, ""avg_humidity_pct"": 75.0, ""is_monsoon_week"": 0.0, ""is_covid_period"": 0.0, ""is_easter_attack_period"": 0.0, ""is_economic_crisis"": 0.0, ""is_normal_operation"": 1.0}"
2026-01-08,2026-01-14,True,0.95,lstm,886,756,1016,"{""lookback"": 12}"
2026-01-15,2026-01-21,True,0.95,random_forest,1102,970,1234,"{""week_of_year"": 3.0, ""month"": 1.0, ""festival_intensity_score"": 4.0, ""festival_demand_multiplier"": 1.3, ""is_esala_perahera"": 0.0, ""is_esala_preparation"": 0.0, ""is_esala_post_festival"": 0.0, ""is_august_buildup"": 0.0, ""is_poson_perahera"": 0.0, ""is_vesak"": 0.0, ""is_sinhala_tamil_new_year"": 0.0, ""is_christmas_new_year"": 0.0, ""is_deepavali"": 0.0, ""is_thai_pongal"": 1.0, ""is_monthly_poya_week"": 0.0, ""poya_days_away"": 0.0, ""is_school_holiday"": 0.0, ""is_any_festival"": 1.0, ""days_until_next_esala"": 207.0, ""avg_weekly_rainfall_mm"": 50.0, ""avg_temp_celsius"": 26.0, ""avg_humidity_pct"": 75.0, ""is_monsoon_week"": 0.0, ""is_covid_period"": 0.0, ""is_easter_attack_period"": 0.0, ""is_economic_crisis"": 0.0, ""is_normal_operation"": 1.0}"
2026-01-15,2026-01-21,True,0.95,lstm,909,777,1041,"{""lookback"": 12}"
2026-01-22,2026-01-28,True,0.95,random_forest,1033,910,1156,"{""week_of_year"": 4.0, ""month"": 1.0, ""festival_intensity_score"": 4.0, ""festival_demand_multiplier"": 1.3, ""is_esala_perahera"": 0.0, ""is_esala_preparation"": 0.0, ""is_esala_post_festival"": 0.0, ""is_august_buildup"": 0.0, ""is_poson_perahera"": 0.0, ""is_vesak"": 0.0, ""is_sinhala_tamil_new_year"": 0.0, ""is_christmas_new_year"": 0.0, ""is_deepavali"": 0.0, ""is_thai_pongal"": 1.0, ""is_monthly_poya_week"": 0.0, ""poya_days_away"": 0.0, ""is_school_holiday"": 0.0, ""is_any_festival"": 1.0, ""days_until_next_esala"": 200.0, ""avg_weekly_rainfall_mm"": 50.0, ""avg_temp_celsius"": 26.0, ""avg_humidity_pct"": 75.0, ""is_monsoon_week"": 0.0, ""is_covid_period"": 0.0, ""is_easter_attack_period"": 0.0, ""is_economic_crisis"": 0.0, ""is_normal_operation"": 1.0}"
2026-01-22,2026-01-28,True,0.95,lstm,910,787,1033,"{""lookback"": 12}"
2026-01-29,2026-02-04,True,0.95,random_forest,944,831,1057,"{""week_of_year"": 5.0, ""month"": 1.0, ""festival_intensity_score"": 1.0, ""festival_demand_multiplier"": 1.0, ""is_esala_perahera"": 0.0, ""is_esala_preparation"": 0.0, ""is_esala_post_festival"": 0.0, ""is_august_buildup"": 0.0, ""is_poson_perahera"": 0.0, ""is_vesak"": 0.0, ""is_sinhala_tamil_new_year"": 0.0, ""is_christmas_new_year"": 0.0, ""is_deepavali"": 0.0, ""is_thai_pongal"": 0.0, ""is_monthly_poya_week"": 1.0, ""poya_days_away"": 0.0, ""is_school_holiday"": 0.0, ""is_any_festival"": 0.0, ""days_until_next_esala"": 193.0, ""avg_weekly_rainfall_mm"": 50.0, ""avg_temp_celsius"": 26.0, ""avg_humidity_pct"": 75.0, ""is_monsoon_week"": 0.0, ""is_covid_period"": 0.0, ""is_easter_attack_period"": 0.0, ""is_economic_crisis"": 0.0, ""is_normal_operation"": 1.0}"
2026-01-29,2026-02-04,True,0.95,lstm,848,735,961,"{""lookback"": 12}"
2026-02-05,2026-02-11,True,0.95,random_forest,883,778,988,"{""week_of_year"": 6.0, ""month"": 2.0, ""festival_intensity_score"": 1.0, ""festival_demand_multiplier"": 1.0, ""is_esala_perahera"": 0.0, ""is_esala_preparation"": 0.0, ""is_esala_post_festival"": 0.0, ""is_august_buildup"": 0.0, ""is_poson_perahera"": 0.0, ""is_vesak"": 0.0, ""is_sinhala_tamil_new_year"": 0.0, ""is_christmas_new_year"": 0.0, ""is_deepavali"": 0.0, ""is_thai_pongal"": 0.0, ""is_monthly_poya_week"": 0.0, ""poya_days_away"": 0.0, ""is_school_holiday"": 0.0, ""is_any_festival"": 0.0, ""days_until_next_esala"": 186.0, ""avg_weekly_rainfall_mm"": 60.0, ""avg_temp_celsius"": 27.0, ""avg_humidity_pct"": 74.0, ""is_monsoon_week"": 0.0, ""is_covid_period"": 0.0, ""is_easter_attack_period"": 0.0, ""is_economic_crisis"": 0.0, ""is_normal_operation"": 1.0}"
2026-02-05,2026-02-11,True,0.95,lstm,839,734,944,"{""lookback"": 12}"
2026-02-12,2026-02-18,True,0.95,random_forest,876,771,981,"{""week_of_year"": 7.0, ""month"": 2.0, ""festival_intensity_score"": 1.0, ""festival_demand_multiplier"": 1.0, ""is_esala_perahera"": 0.0, ""is_esala_preparation"": 0.0, ""is_esala_post_festival"": 0.0, ""is_august_buildup"": 0.0, ""is_poson_perahera"": 0.0, ""is_vesak"": 0.0, ""is_sinhala_tamil_new_year"": 0.0, ""is_christmas_new_year"": 0.0, ""is_deepavali"": 0.0, ""is_thai_pongal"": 0.0, ""is_monthly_poya_week"": 0.0, ""poya_days_away"": 0.0, ""is_school_holiday"": 0.0, ""is_any_festival"": 0.0, ""days_until_next_esala"": 179.0, ""avg_weekly_rainfall_mm"": 60.0, ""avg_temp_celsius"": 27.0, ""avg_humidity_pct"": 74.0, ""is_monsoon_week"": 0.0, ""is_covid_period"": 0.0, ""is_easter_attack_period"": 0.0, ""is_economic_crisis"": 0.0, ""is_normal_operation"": 1.0}"
2026-02-12,2026-02-18,True,0.95,lstm,837,732,942,"{""lookback"": 12}"
2026-02-19,2026-02-25,True,0.95,random_forest,913,804,1022,"{""week_of_year"": 8.0, ""month"": 2.0, ""festival_intensity_score"": 1.0, ""festival_demand_multiplier"": 1.0, ""is_esala_perahera"": 0.0, ""is_esala_preparation"": 0.0, ""is_esala_post_festival"": 0.0, ""is_august_buildup"": 0.0, ""is_poson_perahera"": 0.0, ""is_vesak"": 0.0, ""is_sinhala_tamil_new_year"": 0.0, ""is_christmas_new_year"": 0.0, ""is_deepavali"": 0.0, ""is_thai_pongal"": 0.0, ""is_monthly_poya_week"": 0.0, ""poya_days_away"": 0.0, ""is_school_holiday"": 0.0, ""is_any_festival"": 0.0, ""days_until_next_esala"": 172.0, ""avg_weekly_rainfall_mm"": 60.0, ""avg_temp_celsius"": 27.0, ""avg_humidity_pct"": 74.0, ""is_monsoon_week"": 0.0, ""is_covid_period"": 0.0, ""is_easter_attack_period"": 0.0, ""is_economic_crisis"": 0.0, ""is_normal_operation"": 1.0}"
2026-02-19,2026-02-25,True,0.95,lstm,847,738,956,"{""lookback"": 12}"
2026-02-26,2026-03-04,True,0.95,random_forest,916,807,1025,"{""week_of_year"": 9.0, ""month"": 2.0, ""festival_intensity_score"": 1.0, ""festival_demand_multiplier"": 1.0, ""is_esala_perahera"": 0.0, ""is_esala_preparation"": 0.0, ""is_esala_post_festival"": 0.0, ""is_august_buildup"": 0.0, ""is_poson_perahera"": 0.0, ""is_vesak"": 0.0, ""is_sinhala_tamil_new_year"": 0.0, ""is_christmas_new_year"": 0.0, ""is_deepavali"": 0.0, ""is_thai_pongal"": 0.0, ""is_monthly_poya_week"": 1.0, ""poya_days_away"": 0.0, ""is_school_holiday"": 0.0, ""is_any_festival"": 0.0, ""days_until_next_esala"": 165.0, ""avg_weekly_rainfall_mm"": 60.0, ""avg_temp_celsius"": 27.0, ""avg_humidity_pct"": 74.0, ""is_monsoon_week"": 0.0, ""is_covid_period"": 0.0, ""is_easter_attack_period"": 0.0, ""is_economic_crisis"": 0.0, ""is_normal_operation"": 1.0}"
2026-02-26,2026-03-04,True,0.95,lstm,903,794,1012,"{""lookback"": 12}"
2026-03-05,2026-03-11,True,0.95,random_forest,895,788,1002,"{""week_of_year"": 10.0, ""month"": 3.0, ""festival_intensity_score"": 1.0, ""festival_demand_multiplier"": 1.0, ""is_esala_perahera"": 0.0, ""is_esala_preparation"": 0.0, ""is_esala_post_festival"": 0.0, ""is_august_buildup"": 0.0, ""is_poson_perahera"": 0.0, ""is_vesak"": 0.0, ""is_sinhala_tamil_new_year"": 0.0, ""is_christmas_new_year"": 0.0, ""is_deepavali"": 0.0, ""is_thai_pongal"": 0.0, ""is_monthly_poya_week"": 0.0, ""poya_days_away"": 0.0, ""is_school_holiday"": 0.0, ""is_any_festival"": 0.0, ""days_until_next_esala"": 158.0, ""avg_weekly_rainfall_mm"": 100.0, ""avg_temp_celsius"": 28.0, ""avg_humidity_pct"": 74.0, ""is_monsoon_week"": 0.0, ""is_covid_period"": 0.0, ""is_easter_attack_period"": 0.0, ""is_economic_crisis"": 0.0, ""is_normal_operation"": 1.0}"
2026-03-05,2026-03-11,True,0.95,lstm,940,833,1047,"{""lookback"": 12}"
2026-03-12,2026-03-18,True,0.95,random_forest,895,788,1002,"{""week_of_year"": 11.0, ""month"": 3.0, ""festival_intensity_score"": 1.0, ""festival_demand_multiplier"": 1.0, ""is_esala_perahera"": 0.0, ""is_esala_preparation"": 0.0, ""is_esala_post_festival"": 0.0, ""is_august_buildup"": 0.0, ""is_poson_perahera"": 0.0, ""is_vesak"": 0.0, ""is_sinhala_tamil_new_year"": 0.0, ""is_christmas_new_year"": 0.0, ""is_deepavali"": 0.0, ""is_thai_pongal"": 0.0, ""is_monthly_poya_week"": 0.0, ""poya_days_away"": 0.0, ""is_school_holiday"": 0.0, ""is_any_festival"": 0.0, ""days_until_next_esala"": 151.0, ""avg_weekly_rainfall_mm"": 100.0, ""avg_temp_celsius"": 28.0, ""avg_humidity_pct"": 74.0, ""is_monsoon_week"": 0.0, ""is_covid_period"": 0.0, ""is_easter_attack_period"": 0.0, ""is_economic_crisis"": 0.0, ""is_normal_operation"": 1.0}"
2026-03-12,2026-03-18,True,0.95,lstm,960,853,1067,"{""lookback"": 12}"
2026-03-19,2026-03-25,True,0.95,random_forest,892,785,999,"{""week_of_year"": 12.0, ""month"": 3.0, ""festival_intensity_score"": 1.0, ""festival_demand_multiplier"": 1.0, ""is_esala_perahera"": 0.0, ""is_esala_preparation"": 0.0, ""is_esala_post_festival"": 0.0, ""is_august_buildup"": 0.0, ""is_poson_perahera"": 0.0, ""is_vesak"": 0.0, ""is_sinhala_tamil_new_year"": 0.0, ""is_christmas_new_year"": 0.0, ""is_deepavali"": 0.0, ""is_thai_pongal"": 0.0, ""is_monthly_poya_week"": 0.0, ""poya_days_away"": 0.0, ""is_school_holiday"": 0.0, ""is_any_festival"": 0.0, ""days_until_next_esala"": 144.0, ""avg_weekly_rainfall_mm"": 100.0, ""avg_temp_celsius"": 28.0, ""avg_humidity_pct"": 74.0, ""is_monsoon_week"": 0.0, ""is_covid_period"": 0.0, ""is_easter_attack_period"": 0.0, ""is_economic_crisis"": 0.0, ""is_normal_operation"": 1.0}"
2026-03-19,2026-03-25,True,0.95,lstm,1004,897,1111,"{""lookback"": 12}"
2026-03-26,2026-04-01,True,0.95,random_forest,896,789,1003,"{""week_of_year"": 13.0, ""month"": 3.0, ""festival_intensity_score"": 1.0, ""festival_demand_multiplier"": 1.0, ""is_esala_perahera"": 0.0, ""is_esala_preparation"": 0.0, ""is_esala_post_festival"": 0.0, ""is_august_buildup"": 0.0, ""is_poson_perahera"": 0.0, ""is_vesak"": 0.0, ""is_sinhala_tamil_new_year"": 0.0, ""is_christmas_new_year"": 0.0, ""is_deepavali"": 0.0, ""is_thai_pongal"": 0.0, ""is_monthly_poya_week"": 1.0, ""poya_days_away"": 0.0, ""is_school_holiday"": 0.0, ""is_any_festival"": 0.0, ""days_until_next_esala"": 137.0, ""avg_weekly_rainfall_mm"": 100.0, ""avg_temp_celsius"": 28.0, ""avg_humidity_pct"": 74.0, ""is_monsoon_week"": 0.0, ""is_covid_period"": 0.0, ""is_easter_attack_period"": 0.0, ""is_economic_crisis"": 0.0, ""is_normal_operation"": 1.0}"
2026-03-26,2026-04-01,True,0.95,lstm,1042,935,1149,"{""lookback"": 12}"
2026-04-02,2026-04-08,True,0.95,random_forest,1116,983,1249,"{""week_of_year"": 14.0, ""month"": 4.0, ""festival_intensity_score"": 5.0, ""festival_demand_multiplier"": 1.4, ""is_esala_perahera"": 0.0, ""is_esala_preparation"": 0.0, ""is_esala_post_festival"": 0.0, ""is_august_buildup"": 0.0, ""is_poson_perahera"": 0.0, ""is_vesak"": 0.0, ""is_sinhala_tamil_new_year"": 1.0, ""is_christmas_new_year"": 0.0, ""is_deepavali"": 0.0, ""is_thai_pongal"": 0.0, ""is_monthly_poya_week"": 0.0, ""poya_days_away"": 0.0, ""is_school_holiday"": 1.0, ""is_any_festival"": 1.0, ""days_until_next_esala"": 130.0, ""avg_weekly_rainfall_mm"": 190.0, ""avg_temp_celsius"": 28.0, ""avg_humidity_pct"": 78.0, ""is_monsoon_week"": 0.0, ""is_covid_period"": 0.0, ""is_easter_attack_period"": 0.0, ""is_economic_crisis"": 0.0, ""is_normal_operation"": 1.0}"
2026-04-02,2026-04-08,True,0.95,lstm,1200,1067,1333,"{""lookback"": 12}"
2026-04-09,2026-04-15,True,0.95,random_forest,1120,986,1254,"{""week_of_year"": 15.0, ""month"": 4.0, ""festival_intensity_score"": 5.0, ""festival_demand_multiplier"": 1.4, ""is_esala_perahera"": 0.0, ""is_esala_preparation"": 0.0, ""is_esala_post_festival"": 0.0, ""is_august_buildup"": 0.0, ""is_poson_perahera"": 0.0, ""is_vesak"": 0.0, ""is_sinhala_tamil_new_year"": 1.0, ""is_christmas_new_year"": 0.0, ""is_deepavali"": 0.0, ""is_thai_pongal"": 0.0, ""is_monthly_poya_week"": 0.0, ""poya_days_away"": 0.0, ""is_school_holiday"": 1.0, ""is_any_festival"": 1.0, ""days_until_next_esala"": 123.0, ""avg_weekly_rainfall_mm"": 190.0, ""avg_temp_celsius"": 28.0, ""avg_humidity_pct"": 78.0, ""is_monsoon_week"": 0.0, ""is_covid_period"": 0.0, ""is_easter_attack_period"": 0.0, ""is_economic_crisis"": 0.0, ""is_normal_operation"": 1.0}"
2026-04-09,2026-04-15,True,0.95,lstm,1309,1175,1443,"{""lookback"": 12}"
2026-04-16,2026-04-22,True,0.95,random_forest,1119,985,1253,"{""week_of_year"": 16.0, ""month"": 4.0, ""festival_intensity_score"": 5.0, ""festival_demand_multiplier"": 1.4, ""is_esala_perahera"": 0.0, ""is_esala_preparation"": 0.0, ""is_esala_post_festival"": 0.0, ""is_august_buildup"": 0.0, ""is_poson_perahera"": 0.0, ""is_vesak"": 0.0, ""is_sinhala_tamil_new_year"": 1.0, ""is_christmas_new_year"": 0.0, ""is_deepavali"": 0.0, ""is_thai_pongal"": 0.0, ""is_monthly_poya_week"": 0.0, ""poya_days_away"": 0.0, ""is_school_holiday"": 1.0, ""is_any_festival"": 1.0, ""days_until_next_esala"": 116.0, ""avg_weekly_rainfall_mm"": 190.0, ""avg_temp_celsius"": 28.0, ""avg_humidity_pct"": 78.0, ""is_monsoon_week"": 0.0, ""is_covid_period"": 0.0, ""is_easter_attack_period"": 0.0, ""is_economic_crisis"": 0.0, ""is_normal_operation"": 1.0}"
2026-04-16,2026-04-22,True,0.95,lstm,1380,1246,1514,"{""lookback"": 12}"
2026-04-23,2026-04-29,True,0.95,random_forest,897,790,1004,"{""week_of_year"": 17.0, ""month"": 4.0, ""festival_intensity_score"": 1.0, ""festival_demand_multiplier"": 1.0, ""is_esala_perahera"": 0.0, ""is_esala_preparation"": 0.0, ""is_esala_post_festival"": 0.0, ""is_august_buildup"": 0.0, ""is_poson_perahera"": 0.0, ""is_vesak"": 0.0, ""is_sinhala_tamil_new_year"": 0.0, ""is_christmas_new_year"": 0.0, ""is_deepavali"": 0.0, ""is_thai_pongal"": 0.0, ""is_monthly_poya_week"": 1.0, ""poya_days_away"": 0.0, ""is_school_holiday"": 1.0, ""is_any_festival"": 0.0, ""days_until_next_esala"": 109.0, ""avg_weekly_rainfall_mm"": 190.0, ""avg_temp_celsius"": 28.0, ""avg_humidity_pct"": 78.0, ""is_monsoon_week"": 0.0, ""is_covid_period"": 0.0, ""is_easter_attack_period"": 0.0, ""is_economic_crisis"": 0.0, ""is_normal_operation"": 1.0}"
2026-04-23,2026-04-29,True,0.95,lstm,1303,1196,1410,"{""lookback"": 12}"
2026-04-30,2026-05-06,True,0.95,random_forest,896,789,1003,"{""week_of_year"": 18.0, ""month"": 4.0, ""festival_intensity_score"": 1.0, ""festival_demand_multiplier"": 1.0, ""is_esala_perahera"": 0.0, ""is_esala_preparation"": 0.0, ""is_esala_post_festival"": 0.0, ""is_august_buildup"": 0.0, ""is_poson_perahera"": 0.0, ""is_vesak"": 0.0, ""is_sinhala_tamil_new_year"": 0.0, ""is_christmas_new_year"": 0.0, ""is_deepavali"": 0.0, ""is_thai_pongal"": 0.0, ""is_monthly_poya_week"": 0.0, ""poya_days_away"": 0.0, ""is_school_holiday"": 1.0, ""is_any_festival"": 0.0, ""days_until_next_esala"": 102.0, ""avg_weekly_rainfall_mm"": 190.0, ""avg_temp_celsius"": 28.0, ""avg_humidity_pct"": 78.0, ""is_monsoon_week"": 0.0, ""is_covid_period"": 0.0, ""is_easter_attack_period"": 0.0, ""is_economic_crisis"": 0.0, ""is_normal_operation"": 1.0}"
2026-04-30,2026-05-06,True,0.95,lstm,1256,1149,1363,"{""lookback"": 12}"
2026-05-07,2026-05-13,True,0.95,random_forest,1265,1114,1416,"{""week_of_year"": 19.0, ""month"": 5.0, ""festival_intensity_score"": 6.0, ""festival_demand_multiplier"": 1.5, ""is_esala_perahera"": 0.0, ""is_esala_preparation"": 0.0, ""is_esala_post_festival"": 0.0, ""is_august_buildup"": 0.0, ""is_poson_perahera"": 0.0, ""is_vesak"": 1.0, ""is_sinhala_tamil_new_year"": 0.0, ""is_christmas_new_year"": 0.0, ""is_deepavali"": 0.0, ""is_thai_pongal"": 0.0, ""is_monthly_poya_week"": 0.0, ""poya_days_away"": 0.0, ""is_school_holiday"": 0.0, ""is_any_festival"": 1.0, ""days_until_next_esala"": 95.0, ""avg_weekly_rainfall_mm"": 190.0, ""avg_temp_celsius"": 27.0, ""avg_humidity_pct"": 80.0, ""is_monsoon_week"": 1.0, ""is_covid_period"": 0.0, ""is_easter_attack_period"": 0.0, ""is_economic_crisis"": 0.0, ""is_normal_operation"": 1.0}"
2026-05-07,2026-05-13,True,0.95,lstm,1351,1200,1502,"{""lookback"": 12}"
2026-05-14,2026-05-20,True,0.95,random_forest,1263,1112,1414,"{""week_of_year"": 20.0, ""month"": 5.0, ""festival_intensity_score"": 6.0, ""festival_demand_multiplier"": 1.5, ""is_esala_perahera"": 0.0, ""is_esala_preparation"": 0.0, ""is_esala_post_festival"": 0.0, ""is_august_buildup"": 0.0, ""is_poson_perahera"": 0.0, ""is_vesak"": 1.0, ""is_sinhala_tamil_new_year"": 0.0, ""is_christmas_new_year"": 0.0, ""is_deepavali"": 0.0, ""is_thai_pongal"": 0.0, ""is_monthly_poya_week"": 0.0, ""poya_days_away"": 0.0, ""is_school_holiday"": 0.0, ""is_any_festival"": 1.0, ""days_until_next_esala"": 88.0, ""avg_weekly_rainfall_mm"": 190.0, ""avg_temp_celsius"": 27.0, ""avg_humidity_pct"": 80.0, ""is_monsoon_week"": 1.0, ""is_covid_period"": 0.0, ""is_easter_attack_period"": 0.0, ""is_economic_crisis"": 0.0, ""is_normal_operation"": 1.0}"
2026-05-14,2026-05-20,True,0.95,lstm,1440,1289,1591,"{""lookback"": 12}"
2026-05-21,2026-05-27,True,0.95,random_forest,902,794,1010,"{""week_of_year"": 21.0, ""month"": 5.0, ""festival_intensity_score"": 1.0, ""festival_demand_multiplier"": 1.0, ""is_esala_perahera"": 0.0, ""is_esala_preparation"": 0.0, ""is_esala_post_festival"": 0.0, ""is_august_buildup"": 0.0, ""is_poson_perahera"": 0.0, ""is_vesak"": 0.0, ""is_sinhala_tamil_new_year"": 0.0, ""is_christmas_new_year"": 0.0, ""is_deepavali"": 0.0, ""is_thai_pongal"": 0.0, ""is_monthly_poya_week"": 1.0, ""poya_days_away"": 0.0, ""is_school_holiday"": 0.0, ""is_any_festival"": 0.0, ""days_until_next_esala"": 81.0, ""avg_weekly_rainfall_mm"": 190.0, ""avg_temp_celsius"": 27.0, ""avg_humidity_pct"": 80.0, ""is_monsoon_week"": 1.0, ""is_covid_period"": 0.0, ""is_easter_attack_period"": 0.0, ""is_economic_crisis"": 0.0, ""is_normal_operation"": 1.0}"
2026-05-21,2026-05-27,True,0.95,lstm,1256,1148,1364,"{""lookback"": 12}"
2026-05-28,2026-06-03,True,0.95,random_forest,900,792,1008,"{""week_of_year"": 22.0, ""month"": 5.0, ""festival_intensity_score"": 1.0, ""festival_demand_multiplier"": 1.0, ""is_esala_perahera"": 0.0, ""is_esala_preparation"": 0.0, ""is_esala_post_festival"": 0.0, ""is_august_buildup"": 0.0, ""is_poson_perahera"": 0.0, ""is_vesak"": 0.0, ""is_sinhala_tamil_new_year"": 0.0, ""is_christmas_new_year"": 0.0, ""is_deepavali"": 0.0, ""is_thai_pongal"": 0.0, ""is_monthly_poya_week"": 0.0, ""poya_days_away"": 0.0, ""is_school_holiday"": 0.0, ""is_any_festival"": 0.0, ""days_until_next_esala"": 74.0, ""avg_weekly_rainfall_mm"": 190.0, ""avg_temp_celsius"": 27.0, ""avg_humidity_pct"": 80.0, ""is_monsoon_week"": 1.0, ""is_covid_period"": 0.0, ""is_easter_attack_period"": 0.0, ""is_economic_crisis"": 0.0, ""is_normal_operation"": 1.0}"
2026-05-28,2026-06-03,True,0.95,lstm,1104,996,1212,"{""lookback"": 12}"
2026-06-04,2026-06-10,True,0.95,random_forest,1444,1271,1617,"{""week_of_year"": 23.0, ""month"": 6.0, ""festival_intensity_score"": 7.0, ""festival_demand_multiplier"": 1.6, ""is_esala_perahera"": 0.0, ""is_esala_preparation"": 0.0, ""is_esala_post_festival"": 0.0, ""is_august_buildup"": 0.0, ""is_poson_perahera"": 1.0, ""is_vesak"": 0.0, ""is_sinhala_tamil_new_year"": 0.0, ""is_christmas_new_year"": 0.0, ""is_deepavali"": 0.0, ""is_thai_pongal"": 0.0, ""is_monthly_poya_week"": 0.0, ""poya_days_away"": 0.0, ""is_school_holiday"": 0.0, ""is_any_festival"": 1.0, ""days_until_next_esala"": 67.0, ""avg_weekly_rainfall_mm"": 120.0, ""avg_temp_celsius"": 26.0, ""avg_humidity_pct"": 80.0, ""is_monsoon_week"": 1.0, ""is_covid_period"": 0.0, ""is_easter_attack_period"": 0.0, ""is_economic_crisis"": 0.0, ""is_normal_operation"": 1.0}"
2026-06-04,2026-06-10,True,0.95,lstm,1238,1065,1411,"{""lookback"": 12}"
2026-06-11,2026-06-17,True,0.95,random_forest,1443,1270,1616,"{""week_of_year"": 24.0, ""month"": 6.0, ""festival_intensity_score"": 7.0, ""festival_demand_multiplier"": 1.6, ""is_esala_perahera"": 0.0, ""is_esala_preparation"": 0.0, ""is_esala_post_festival"": 0.0, ""is_august_buildup"": 0.0, ""is_poson_perahera"": 1.0, ""is_vesak"": 0.0, ""is_sinhala_tamil_new_year"": 0.0, ""is_christmas_new_year"": 0.0, ""is_deepavali"": 0.0, ""is_thai_pongal"": 0.0, ""is_monthly_poya_week"": 0.0, ""poya_days_away"": 0.0, ""is_school_holiday"": 0.0, ""is_any_festival"": 1.0, ""days_until_next_esala"": 60.0, ""avg_weekly_rainfall_mm"": 120.0, ""avg_temp_celsius"": 26.0, ""avg_humidity_pct"": 80.0, ""is_monsoon_week"": 1.0, ""is_covid_period"": 0.0, ""is_easter_attack_period"": 0.0, ""is_economic_crisis"": 0.0, ""is_normal_operation"": 1.0}"
2026-06-11,2026-06-17,True,0.95,lstm,1274,1101,1447,"{""lookback"": 12}"
2026-06-18,2026-06-24,True,0.95,random_forest,1441,1269,1613,"{""week_of_year"": 25.0, ""month"": 6.0, ""festival_intensity_score"": 7.0, ""festival_demand_multiplier"": 1.6, ""is_esala_perahera"": 0.0, ""is_esala_preparation"": 0.0, ""is_esala_post_festival"": 0.0, ""is_august_buildup"": 0.0, ""is_poson_perahera"": 1.0, ""is_vesak"": 0.0, ""is_sinhala_tamil_new_year"": 0.0, ""is_christmas_new_year"": 0.0, ""is_deepavali"": 0.0, ""is_thai_pongal"": 0.0, ""is_monthly_poya_week"": 1.0, ""poya_days_away"": 0.0, ""is_school_holiday"": 0.0, ""is_any_festival"": 1.0, ""days_until_next_esala"": 53.0, ""avg_weekly_rainfall_mm"": 120.0, ""avg_temp_celsius"": 26.0, ""avg_humidity_pct"": 80.0, ""is_monsoon_week"": 1.0, ""is_covid_period"": 0.0, ""is_easter_attack_period"": 0.0, ""is_economic_crisis"": 0.0, ""is_normal_operation"": 1.0}"
2026-06-18,2026-06-24,True,0.95,lstm,1324,1152,1496,"{""lookback"": 12}"
2026-06-25,2026-07-01,True,0.95,random_forest,863,760,966,"{""week_of_year"": 26.0, ""month"": 6.0, ""festival_intensity_score"": 1.0, ""festival_demand_multiplier"": 1.0, ""is_esala_perahera"": 0.0, ""is_esala_preparation"": 0.0, ""is_esala_post_festival"": 0.0, ""is_august_buildup"": 0.0, ""is_poson_perahera"": 0.0, ""is_vesak"": 0.0, ""is_sinhala_tamil_new_year"": 0.0, ""is_christmas_new_year"": 0.0, ""is_deepavali"": 0.0, ""is_thai_pongal"": 0.0, ""is_monthly_poya_week"": 0.0, ""poya_days_away"": 0.0, ""is_school_holiday"": 0.0, ""is_any_festival"": 0.0, ""days_until_next_esala"": 46.0, ""avg_weekly_rainfall_mm"": 120.0, ""avg_temp_celsius"": 26.0, ""avg_humidity_pct"": 80.0, ""is_monsoon_week"": 1.0, ""is_covid_period"": 0.0, ""is_easter_attack_period"": 0.0, ""is_economic_crisis"": 0.0, ""is_normal_operation"": 1.0}"
2026-06-25,2026-07-01,True,0.95,lstm,1130,1027,1233,"{""lookback"": 12}"
2026-07-02,2026-07-08,True,0.95,random_forest,848,747,949,"{""week_of_year"": 27.0, ""month"": 7.0, ""festival_intensity_score"": 1.0, ""festival_demand_multiplier"": 1.0, ""is_esala_perahera"": 0.0, ""is_esala_preparation"": 1.0, ""is_esala_post_festival"": 0.0, ""is_august_buildup"": 1.0, ""is_poson_perahera"": 0.0, ""is_vesak"": 0.0, ""is_sinhala_tamil_new_year"": 0.0, ""is_christmas_new_year"": 0.0, ""is_deepavali"": 0.0, ""is_thai_pongal"": 0.0, ""is_monthly_poya_week"": 0.0, ""poya_days_away"": 0.0, ""is_school_holiday"": 0.0, ""is_any_festival"": 0.0, ""days_until_next_esala"": 39.0, ""avg_weekly_rainfall_mm"": 100.0, ""avg_temp_celsius"": 25.0, ""avg_humidity_pct"": 79.0, ""is_monsoon_week"": 1.0, ""is_covid_period"": 0.0, ""is_easter_attack_period"": 0.0, ""is_economic_crisis"": 0.0, ""is_normal_operation"": 1.0}"
2026-07-02,2026-07-08,True,0.95,lstm,1070,969,1171,"{""lookback"": 12}"
2026-07-09,2026-07-15,True,0.95,random_forest,848,747,949,"{""week_of_year"": 28.0, ""month"": 7.0, ""festival_intensity_score"": 1.0, ""festival_demand_multiplier"": 1.0, ""is_esala_perahera"": 0.0, ""is_esala_preparation"": 1.0, ""is_esala_post_festival"": 0.0, ""is_august_buildup"": 1.0, ""is_poson_perahera"": 0.0, ""is_vesak"": 0.0, ""is_sinhala_tamil_new_year"": 0.0, ""is_christmas_new_year"": 0.0, ""is_deepavali"": 0.0, ""is_thai_pongal"": 0.0, ""is_monthly_poya_week"": 0.0, ""poya_days_away"": 0.0, ""is_school_holiday"": 0.0, ""is_any_festival"": 0.0, ""days_until_next_esala"": 32.0, ""avg_weekly_rainfall_mm"": 100.0, ""avg_temp_celsius"": 25.0, ""avg_humidity_pct"": 79.0, ""is_monsoon_week"": 1.0, ""is_covid_period"": 0.0, ""is_easter_attack_period"": 0.0, ""is_economic_crisis"": 0.0, ""is_normal_operation"": 1.0}"
2026-07-09,2026-07-15,True,0.95,lstm,1052,951,1153,"{""lookback"": 12}"
2026-07-16,2026-07-22,True,0.95,random_forest,793,698,888,"{""week_of_year"": 29.0, ""month"": 7.0, ""festival_intensity_score"": 1.0, ""festival_demand_multiplier"": 1.0, ""is_esala_perahera"": 0.0, ""is_esala_preparation"": 1.0, ""is_esala_post_festival"": 0.0, ""is_august_buildup"": 1.0, ""is_poson_perahera"": 0.0, ""is_vesak"": 0.0, ""is_sinhala_tamil_new_year"": 0.0, ""is_christmas_new_year"": 0.0, ""is_deepavali"": 0.0, ""is_thai_pongal"": 0.0, ""is_monthly_poya_week"": 1.0, ""poya_days_away"": 0.0, ""is_school_holiday"": 0.0, ""is_any_festival"": 0.0, ""days_until_next_esala"": 25.0, ""avg_weekly_rainfall_mm"": 100.0, ""avg_temp_celsius"": 25.0, ""avg_humidity_pct"": 79.0, ""is_monsoon_week"": 1.0, ""is_covid_period"": 0.0, ""is_easter_attack_period"": 0.0, ""is_economic_crisis"": 0.0, ""is_normal_operation"": 1.0}"
2026-07-16,2026-07-22,True,0.95,lstm,1037,942,1132,"{""lookback"": 12}"
2026-07-23,2026-07-29,True,0.95,random_forest,801,705,897,"{""week_of_year"": 30.0, ""month"": 7.0, ""festival_intensity_score"": 1.0, ""festival_demand_multiplier"": 1.0, ""is_esala_perahera"": 0.0, ""is_esala_preparation"": 0.0, ""is_esala_post_festival"": 0.0, ""is_august_buildup"": 1.0, ""is_poson_perahera"": 0.0, ""is_vesak"": 0.0, ""is_sinhala_tamil_new_year"": 0.0, ""is_christmas_new_year"": 0.0, ""is_deepavali"": 0.0, ""is_thai_pongal"": 0.0, ""is_monthly_poya_week"": 0.0, ""poya_days_away"": 0.0, ""is_school_holiday"": 0.0, ""is_any_festival"": 0.0, ""days_until_next_esala"": 18.0, ""avg_weekly_rainfall_mm"": 100.0, ""avg_temp_celsius"": 25.0, ""avg_humidity_pct"": 79.0, ""is_monsoon_week"": 1.0, ""is_covid_period"": 0.0, ""is_easter_attack_period"": 0.0, ""is_economic_crisis"": 0.0, ""is_normal_operation"": 1.0}"
2026-07-23,2026-07-29,True,0.95,lstm,969,873,1065,"{""lookback"": 12}"
2026-07-30,2026-08-05,True,0.95,random_forest,801,705,897,"{""week_of_year"": 31.0, ""month"": 7.0, ""festival_intensity_score"": 1.0, ""festival_demand_multiplier"": 1.0, ""is_esala_perahera"": 0.0, ""is_esala_preparation"": 0.0, ""is_esala_post_festival"": 0.0, ""is_august_buildup"": 1.0, ""is_poson_perahera"": 0.0, ""is_vesak"": 0.0, ""is_sinhala_tamil_new_year"": 0.0, ""is_christmas_new_year"": 0.0, ""is_deepavali"": 0.0, ""is_thai_pongal"": 0.0, ""is_monthly_poya_week"": 0.0, ""poya_days_away"": 0.0, ""is_school_holiday"": 0.0, ""is_any_festival"": 0.0, ""days_until_next_esala"": 11.0, ""avg_weekly_rainfall_mm"": 100.0, ""avg_temp_celsius"": 25.0, ""avg_humidity_pct"": 79.0, ""is_monsoon_week"": 1.0, ""is_covid_period"": 0.0, ""is_easter_attack_period"": 0.0, ""is_economic_crisis"": 0.0, ""is_normal_operation"": 1.0}"
2026-07-30,2026-08-05,True,0.95,lstm,946,850,1042,"{""lookback"": 12}"
2026-08-06,2026-08-12,True,0.95,random_forest,1962,1727,2197,"{""week_of_year"": 32.0, ""month"": 8.0, ""festival_intensity_score"": 10.0, ""festival_demand_multiplier"": 1.9, ""is_esala_perahera"": 1.0, ""is_esala_preparation"": 0.0, ""is_esala_post_festival"": 0.0, ""is_august_buildup"": 0.0, ""is_poson_perahera"": 0.0, ""is_vesak"": 0.0, ""is_sinhala_tamil_new_year"": 0.0, ""is_christmas_new_year"": 0.0, ""is_deepavali"": 0.0, ""is_thai_pongal"": 0.0, ""is_monthly_poya_week"": 0.0, ""poya_days_away"": 0.0, ""is_school_holiday"": 1.0, ""is_any_festival"": 1.0, ""days_until_next_esala"": 4.0, ""avg_weekly_rainfall_mm"": 120.0, ""avg_temp_celsius"": 25.0, ""avg_humidity_pct"": 79.0, ""is_monsoon_week"": 0.0, ""is_covid_period"": 0.0, ""is_easter_attack_period"": 0.0, ""is_economic_crisis"": 0.0, ""is_normal_operation"": 1.0}"
2026-08-06,2026-08-12,True,0.95,lstm,1297,1062,1532,"{""lookback"": 12}"
2026-08-13,2026-08-19,True,0.95,random_forest,1956,1722,2190,"{""week_of_year"": 33.0, ""month"": 8.0, ""festival_intensity_score"": 10.0, ""festival_demand_multiplier"": 1.9, ""is_esala_perahera"": 1.0, ""is_esala_preparation"": 0.0, ""is_esala_post_festival"": 0.0, ""is_august_buildup"": 0.0, ""is_poson_perahera"": 0.0, ""is_vesak"": 0.0, ""is_sinhala_tamil_new_year"": 0.0, ""is_christmas_new_year"": 0.0, ""is_deepavali"": 0.0, ""is_thai_pongal"": 0.0, ""is_monthly_poya_week"": 1.0, ""poya_days_away"": 0.0, ""is_school_holiday"": 1.0, ""is_any_festival"": 1.0, ""days_until_next_esala"": 0.0, ""avg_weekly_rainfall_mm"": 120.0, ""avg_temp_celsius"": 25.0, ""avg_humidity_pct"": 79.0, ""is_monsoon_week"": 0.0, ""is_covid_period"": 0.0, ""is_easter_attack_period"": 0.0, ""is_economic_crisis"": 0.0, ""is_normal_operation"": 1.0}"
2026-08-13,2026-08-19,True,0.95,lstm,1469,1235,1703,"{""lookback"": 12}"
2026-08-20,2026-08-26,True,0.95,random_forest,1943,1710,2176,"{""week_of_year"": 34.0, ""month"": 8.0, ""festival_intensity_score"": 10.0, ""festival_demand_multiplier"": 1.9, ""is_esala_perahera"": 1.0, ""is_esala_preparation"": 0.0, ""is_esala_post_festival"": 0.0, ""is_august_buildup"": 0.0, ""is_poson_perahera"": 0.0, ""is_vesak"": 0.0, ""is_sinhala_tamil_new_year"": 0.0, ""is_christmas_new_year"": 0.0, ""is_deepavali"": 0.0, ""is_thai_pongal"": 0.0, ""is_monthly_poya_week"": 0.0, ""poya_days_away"": 0.0, ""is_school_holiday"": 1.0, ""is_any_festival"": 1.0, ""days_until_next_esala"": 0.0, ""avg_weekly_rainfall_mm"": 120.0, ""avg_temp_celsius"": 25.0, ""avg_humidity_pct"": 79.0, ""is_monsoon_week"": 0.0, ""is_covid_period"": 0.0, ""is_easter_attack_period"": 0.0, ""is_economic_crisis"": 0.0, ""is_normal_operation"": 1.0}"
2026-08-20,2026-08-26,True,0.95,lstm,1579,1346,1812,"{""lookback"": 12}"
2026-08-27,2026-09-02,True,0.95,random_forest,1975,1738,2212,"{""week_of_year"": 35.0, ""month"": 8.0, ""festival_intensity_score"": 10.0, ""festival_demand_multiplier"": 1.9, ""is_esala_perahera"": 1.0, ""is_esala_preparation"": 0.0, ""is_esala_post_festival"": 0.0, ""is_august_buildup"": 0.0, ""is_poson_perahera"": 0.0, ""is_vesak"": 0.0, ""is_sinhala_tamil_new_year"": 0.0, ""is_christmas_new_year"": 0.0, ""is_deepavali"": 0.0, ""is_thai_pongal"": 0.0, ""is_monthly_poya_week"": 0.0, ""poya_days_away"": 0.0, ""is_school_holiday"": 1.0, ""is_any_festival"": 1.0, ""days_until_next_esala"": 0.0, ""avg_weekly_rainfall_mm"": 120.0, ""avg_temp_celsius"": 25.0, ""avg_humidity_pct"": 79.0, ""is_monsoon_week"": 0.0, ""is_covid_period"": 0.0, ""is_easter_attack_period"": 0.0, ""is_economic_crisis"": 0.0, ""is_normal_operation"": 1.0}"
2026-08-27,2026-09-02,True,0.95,lstm,1665,1428,1902,"{""lookback"": 12}"
2026-09-03,2026-09-09,True,0.95,random_forest,822,724,920,"{""week_of_year"": 36.0, ""month"": 9.0, ""festival_intensity_score"": 1.0, ""festival_demand_multiplier"": 1.0, ""is_esala_perahera"": 0.0, ""is_esala_preparation"": 0.0, ""is_esala_post_festival"": 0.0, ""is_august_buildup"": 0.0, ""is_poson_perahera"": 0.0, ""is_vesak"": 0.0, ""is_sinhala_tamil_new_year"": 0.0, ""is_christmas_new_year"": 0.0, ""is_deepavali"": 0.0, ""is_thai_pongal"": 0.0, ""is_monthly_poya_week"": 0.0, ""poya_days_away"": 0.0, ""is_school_holiday"": 0.0, ""is_any_festival"": 0.0, ""days_until_next_esala"": 0.0, ""avg_weekly_rainfall_mm"": 220.0, ""avg_temp_celsius"": 26.0, ""avg_humidity_pct"": 81.0, ""is_monsoon_week"": 1.0, ""is_covid_period"": 0.0, ""is_easter_attack_period"": 0.0, ""is_economic_crisis"": 0.0, ""is_normal_operation"": 1.0}"
2026-09-03,2026-09-09,True,0.95,lstm,1397,1299,1495,"{""lookback"": 12}"
2026-09-10,2026-09-16,True,0.95,random_forest,821,723,919,"{""week_of_year"": 37.0, ""month"": 9.0, ""festival_intensity_score"": 1.0, ""festival_demand_multiplier"": 1.0, ""is_esala_perahera"": 0.0, ""is_esala_preparation"": 0.0, ""is_esala_post_festival"": 0.0, ""is_august_buildup"": 0.0, ""is_poson_perahera"": 0.0, ""is_vesak"": 0.0, ""is_sinhala_tamil_new_year"": 0.0, ""is_christmas_new_year"": 0.0, ""is_deepavali"": 0.0, ""is_thai_pongal"": 0.0, ""is_monthly_poya_week"": 1.0, ""poya_days_away"": 0.0, ""is_school_holiday"": 0.0, ""is_any_festival"": 0.0, ""days_until_next_esala"": 0.0, ""avg_weekly_rainfall_mm"": 220.0, ""avg_temp_celsius"": 26.0, ""avg_humidity_pct"": 81.0, ""is_monsoon_week"": 1.0, ""is_covid_period"": 0.0, ""is_easter_attack_period"": 0.0, ""is_economic_crisis"": 0.0, ""is_normal_operation"": 1.0}"
2026-09-10,2026-09-16,True,0.95,lstm,1256,1158,1354,"{""lookback"": 12}"
2026-09-17,2026-09-23,True,0.95,random_forest,820,722,918,"{""week_of_year"": 38.0, ""month"": 9.0, ""festival_intensity_score"": 1.0, ""festival_demand_multiplier"": 1.0, ""is_esala_perahera"": 0.0, ""is_esala_preparation"": 0.0, ""is_esala_post_festival"": 0.0, ""is_august_buildup"": 0.0, ""is_poson_perahera"": 0.0, ""is_vesak"": 0.0, ""is_sinhala_tamil_new_year"": 0.0, ""is_christmas_new_year"": 0.0, ""is_deepavali"": 0.0, ""is_thai_pongal"": 0.0, ""is_monthly_poya_week"": 0.0, ""poya_days_away"": 0.0, ""is_school_holiday"": 0.0, ""is_any_festival"": 0.0, ""days_until_next_esala"": 0.0, ""avg_weekly_rainfall_mm"": 220.0, ""avg_temp_celsius"": 26.0, ""avg_humidity_pct"": 81.0, ""is_monsoon_week"": 1.0, ""is_covid_period"": 0.0, ""is_easter_attack_period"": 0.0, ""is_economic_crisis"": 0.0, ""is_normal_operation"": 1.0}"
2026-09-17,2026-09-23,True,0.95,lstm,1149,1051,1247,"{""lookback"": 12}"
2026-09-24,2026-09-30,True,0.95,random_forest,820,722,918,"{""week_of_year"": 39.0, ""month"": 9.0, ""festival_intensity_score"": 1.0, ""festival_demand_multiplier"": 1.0, ""is_esala_perahera"": 0.0, ""is_esala_preparation"": 0.0, ""is_esala_post_festival"": 0.0, ""is_august_buildup"": 0.0, ""is_poson_perahera"": 0.0, ""is_vesak"": 0.0, ""is_sinhala_tamil_new_year"": 0.0, ""is_christmas_new_year"": 0.0, ""is_deepavali"": 0.0, ""is_thai_pongal"": 0.0, ""is_monthly_poya_week"": 0.0, ""poya_days_away"": 0.0, ""is_school_holiday"": 0.0, ""is_any_festival"": 0.0, ""days_until_next_esala"": 0.0, ""avg_weekly_rainfall_mm"": 220.0, ""avg_temp_celsius"": 26.0, ""avg_humidity_pct"": 81.0, ""is_monsoon_week"": 1.0, ""is_covid_period"": 0.0, ""is_easter_attack_period"": 0.0, ""is_economic_crisis"": 0.0, ""is_normal_operation"": 1.0}"
2026-09-24,2026-09-30,True,0.95,lstm,1073,975,1171,"{""lookback"": 12}"
2026-10-01,2026-10-07,True,0.95,random_forest,1055,929,1181,"{""week_of_year"": 40.0, ""month"": 10.0, ""festival_intensity_score"": 4.0, ""festival_demand_multiplier"": 1.3, ""is_esala_perahera"": 0.0, ""is_esala_preparation"": 0.0, ""is_esala_post_festival"": 0.0, ""is_august_buildup"": 0.0, ""is_poson_perahera"": 0.0, ""is_vesak"": 0.0, ""is_sinhala_tamil_new_year"": 0.0, ""is_christmas_new_year"": 0.0, ""is_deepavali"": 1.0, ""is_thai_pongal"": 0.0, ""is_monthly_poya_week"": 0.0, ""poya_days_away"": 0.0, ""is_school_holiday"": 0.0, ""is_any_festival"": 1.0, ""days_until_next_esala"": 0.0, ""avg_weekly_rainfall_mm"": 290.0, ""avg_temp_celsius"": 26.0, ""avg_humidity_pct"": 82.0, ""is_monsoon_week"": 1.0, ""is_covid_period"": 0.0, ""is_easter_attack_period"": 0.0, ""is_economic_crisis"": 0.0, ""is_normal_operation"": 1.0}"
2026-10-01,2026-10-07,True,0.95,lstm,1150,1024,1276,"{""lookback"": 12}"
2026-10-08,2026-10-14,True,0.95,random_forest,1047,922,1172,"{""week_of_year"": 41.0, ""month"": 10.0, ""festival_intensity_score"": 4.0, ""festival_demand_multiplier"": 1.3, ""is_esala_perahera"": 0.0, ""is_esala_preparation"": 0.0, ""is_esala_post_festival"": 0.0, ""is_august_buildup"": 0.0, ""is_poson_perahera"": 0.0, ""is_vesak"": 0.0, ""is_sinhala_tamil_new_year"": 0.0, ""is_christmas_new_year"": 0.0, ""is_deepavali"": 1.0, ""is_thai_pongal"": 0.0, ""is_monthly_poya_week"": 1.0, ""poya_days_away"": 0.0, ""is_school_holiday"": 0.0, ""is_any_festival"": 1.0, ""days_until_next_esala"": 0.0, ""avg_weekly_rainfall_mm"": 290.0, ""avg_temp_celsius"": 26.0, ""avg_humidity_pct"": 82.0, ""is_monsoon_week"": 1.0, ""is_covid_period"": 0.0, ""is_easter_attack_period"": 0.0, ""is_economic_crisis"": 0.0, ""is_normal_operation"": 1.0}"
2026-10-08,2026-10-14,True,0.95,lstm,1183,1058,1308,"{""lookback"": 12}"
2026-10-15,2026-10-21,True,0.95,random_forest,1052,926,1178,"{""week_of_year"": 42.0, ""month"": 10.0, ""festival_intensity_score"": 4.0, ""festival_demand_multiplier"": 1.3, ""is_esala_perahera"": 0.0, ""is_esala_preparation"": 0.0, ""is_esala_post_festival"": 0.0, ""is_august_buildup"": 0.0, ""is_poson_perahera"": 0.0, ""is_vesak"": 0.0, ""is_sinhala_tamil_new_year"": 0.0, ""is_christmas_new_year"": 0.0, ""is_deepavali"": 1.0, ""is_thai_pongal"": 0.0, ""is_monthly_poya_week"": 0.0, ""poya_days_away"": 0.0, ""is_school_holiday"": 0.0, ""is_any_festival"": 1.0, ""days_until_next_esala"": 0.0, ""avg_weekly_rainfall_mm"": 290.0, ""avg_temp_celsius"": 26.0, ""avg_humidity_pct"": 82.0, ""is_monsoon_week"": 1.0, ""is_covid_period"": 0.0, ""is_easter_attack_period"": 0.0, ""is_economic_crisis"": 0.0, ""is_normal_operation"": 1.0}"
2026-10-15,2026-10-21,True,0.95,lstm,1164,1038,1290,"{""lookback"": 12}"
2026-10-22,2026-10-28,True,0.95,random_forest,1044,919,1169,"{""week_of_year"": 43.0, ""month"": 10.0, ""festival_intensity_score"": 4.0, ""festival_demand_multiplier"": 1.3, ""is_esala_perahera"": 0.0, ""is_esala_preparation"": 0.0, ""is_esala_post_festival"": 0.0, ""is_august_buildup"": 0.0, ""is_poson_perahera"": 0.0, ""is_vesak"": 0.0, ""is_sinhala_tamil_new_year"": 0.0, ""is_christmas_new_year"": 0.0, ""is_deepavali"": 1.0, ""is_thai_pongal"": 0.0, ""is_monthly_poya_week"": 0.0, ""poya_days_away"": 0.0, ""is_school_holiday"": 0.0, ""is_any_festival"": 1.0, ""days_until_next_esala"": 0.0, ""avg_weekly_rainfall_mm"": 290.0, ""avg_temp_celsius"": 26.0, ""avg_humidity_pct"": 82.0, ""is_monsoon_week"": 1.0, ""is_covid_period"": 0.0, ""is_easter_attack_period"": 0.0, ""is_economic_crisis"": 0.0, ""is_normal_operation"": 1.0}"
2026-10-22,2026-10-28,True,0.95,lstm,1162,1037,1287,"{""lookback"": 12}"
2026-10-29,2026-11-04,True,0.95,random_forest,798,703,893,"{""week_of_year"": 44.0, ""month"": 10.0, ""festival_intensity_score"": 1.0, ""festival_demand_multiplier"": 1.0, ""is_esala_perahera"": 0.0, ""is_esala_preparation"": 0.0, ""is_esala_post_festival"": 0.0, ""is_august_buildup"": 0.0, ""is_poson_perahera"": 0.0, ""is_vesak"": 0.0, ""is_sinhala_tamil_new_year"": 0.0, ""is_christmas_new_year"": 0.0, ""is_deepavali"": 0.0, ""is_thai_pongal"": 0.0, ""is_monthly_poya_week"": 0.0, ""poya_days_away"": 0.0, ""is_school_holiday"": 0.0, ""is_any_festival"": 0.0, ""days_until_next_esala"": 0.0, ""avg_weekly_rainfall_mm"": 290.0, ""avg_temp_celsius"": 26.0, ""avg_humidity_pct"": 82.0, ""is_monsoon_week"": 1.0, ""is_covid_period"": 0.0, ""is_easter_attack_period"": 0.0, ""is_economic_crisis"": 0.0, ""is_normal_operation"": 1.0}"
2026-10-29,2026-11-04,True,0.95,lstm,1037,942,1132,"{""lookback"": 12}"
2026-11-05,2026-11-11,True,0.95,random_forest,723,637,809,"{""week_of_year"": 45.0, ""month"": 11.0, ""festival_intensity_score"": 1.0, ""festival_demand_multiplier"": 1.0, ""is_esala_perahera"": 0.0, ""is_esala_preparation"": 0.0, ""is_esala_post_festival"": 0.0, ""is_august_buildup"": 0.0, ""is_poson_perahera"": 0.0, ""is_vesak"": 0.0, ""is_sinhala_tamil_new_year"": 0.0, ""is_christmas_new_year"": 0.0, ""is_deepavali"": 0.0, ""is_thai_pongal"": 0.0, ""is_monthly_poya_week"": 1.0, ""poya_days_away"": 0.0, ""is_school_holiday"": 0.0, ""is_any_festival"": 0.0, ""days_until_next_esala"": 0.0, ""avg_weekly_rainfall_mm"": 220.0, ""avg_temp_celsius"": 26.0, ""avg_humidity_pct"": 81.0, ""is_monsoon_week"": 1.0, ""is_covid_period"": 0.0, ""is_easter_attack_period"": 0.0, ""is_economic_crisis"": 0.0, ""is_normal_operation"": 1.0}"
2026-11-05,2026-11-11,True,0.95,lstm,1006,920,1092,"{""lookback"": 12}"
2026-11-12,2026-11-18,True,0.95,random_forest,680,599,761,"{""week_of_year"": 46.0, ""month"": 11.0, ""festival_intensity_score"": 1.0, ""festival_demand_multiplier"": 1.0, ""is_esala_perahera"": 0.0, ""is_esala_preparation"": 0.0, ""is_esala_post_festival"": 0.0, ""is_august_buildup"": 0.0, ""is_poson_perahera"": 0.0, ""is_vesak"": 0.0, ""is_sinhala_tamil_new_year"": 0.0, ""is_christmas_new_year"": 0.0, ""is_deepavali"": 0.0, ""is_thai_pongal"": 0.0, ""is_monthly_poya_week"": 0.0, ""poya_days_away"": 0.0, ""is_school_holiday"": 0.0, ""is_any_festival"": 0.0, ""days_until_next_esala"": 0.0, ""avg_weekly_rainfall_mm"": 220.0, ""avg_temp_celsius"": 26.0, ""avg_humidity_pct"": 81.0, ""is_monsoon_week"": 1.0, ""is_covid_period"": 0.0, ""is_easter_attack_period"": 0.0, ""is_economic_crisis"": 0.0, ""is_normal_operation"": 1.0}"
2026-11-12,2026-11-18,True,0.95,lstm,929,848,1010,"{""lookback"": 12}"
2026-11-19,2026-11-25,True,0.95,random_forest,651,573,729,"{""week_of_year"": 47.0, ""month"": 11.0, ""festival_intensity_score"": 1.0, ""festival_demand_multiplier"": 1.0, ""is_esala_perahera"": 0.0, ""is_esala_preparation"": 0.0, ""is_esala_post_festival"": 0.0, ""is_august_buildup"": 0.0, ""is_poson_perahera"": 0.0, ""is_vesak"": 0.0, ""is_sinhala_tamil_new_year"": 0.0, ""is_christmas_new_year"": 0.0, ""is_deepavali"": 0.0, ""is_thai_pongal"": 0.0, ""is_monthly_poya_week"": 0.0, ""poya_days_away"": 0.0, ""is_school_holiday"": 0.0, ""is_any_festival"": 0.0, ""days_until_next_esala"": 0.0, ""avg_weekly_rainfall_mm"": 220.0, ""avg_temp_celsius"": 26.0, ""avg_humidity_pct"": 81.0, ""is_monsoon_week"": 1.0, ""is_covid_period"": 0.0, ""is_easter_attack_period"": 0.0, ""is_economic_crisis"": 0.0, ""is_normal_operation"": 1.0}"
2026-11-19,2026-11-25,True,0.95,lstm,895,817,973,"{""lookback"": 12}"
2026-11-26,2026-12-02,True,0.95,random_forest,637,561,713,"{""week_of_year"": 48.0, ""month"": 11.0, ""festival_intensity_score"": 1.0, ""festival_demand_multiplier"": 1.0, ""is_esala_perahera"": 0.0, ""is_esala_preparation"": 0.0, ""is_esala_post_festival"": 0.0, ""is_august_buildup"": 0.0, ""is_poson_perahera"": 0.0, ""is_vesak"": 0.0, ""is_sinhala_tamil_new_year"": 0.0, ""is_christmas_new_year"": 0.0, ""is_deepavali"": 0.0, ""is_thai_pongal"": 0.0, ""is_monthly_poya_week"": 0.0, ""poya_days_away"": 0.0, ""is_school_holiday"": 0.0, ""is_any_festival"": 0.0, ""days_until_next_esala"": 0.0, ""avg_weekly_rainfall_mm"": 220.0, ""avg_temp_celsius"": 26.0, ""avg_humidity_pct"": 81.0, ""is_monsoon_week"": 1.0, ""is_covid_period"": 0.0, ""is_easter_attack_period"": 0.0, ""is_economic_crisis"": 0.0, ""is_normal_operation"": 1.0}"
2026-11-26,2026-12-02,True,0.95,lstm,873,797,949,"{""lookback"": 12}"
2026-12-03,2026-12-09,True,0.95,random_forest,592,521,663,"{""week_of_year"": 49.0, ""month"": 12.0, ""festival_intensity_score"": 1.0, ""festival_demand_multiplier"": 1.0, ""is_esala_perahera"": 0.0, ""is_esala_preparation"": 0.0, ""is_esala_post_festival"": 0.0, ""is_august_buildup"": 0.0, ""is_poson_perahera"": 0.0, ""is_vesak"": 0.0, ""is_sinhala_tamil_new_year"": 0.0, ""is_christmas_new_year"": 0.0, ""is_deepavali"": 0.0, ""is_thai_pongal"": 0.0, ""is_monthly_poya_week"": 1.0, ""poya_days_away"": 0.0, ""is_school_holiday"": 1.0, ""is_any_festival"": 0.0, ""days_until_next_esala"": 0.0, ""avg_weekly_rainfall_mm"": 100.0, ""avg_temp_celsius"": 26.0, ""avg_humidity_pct"": 77.0, ""is_monsoon_week"": 0.0, ""is_covid_period"": 0.0, ""is_easter_attack_period"": 0.0, ""is_economic_crisis"": 0.0, ""is_normal_operation"": 1.0}"
2026-12-03,2026-12-09,True,0.95,lstm,1006,935,1077,"{""lookback"": 12}"
2026-12-10,2026-12-16,True,0.95,random_forest,411,362,460,"{""week_of_year"": 50.0, ""month"": 12.0, ""festival_intensity_score"": 1.0, ""festival_demand_multiplier"": 1.0, ""is_esala_perahera"": 0.0, ""is_esala_preparation"": 0.0, ""is_esala_post_festival"": 0.0, ""is_august_buildup"": 0.0, ""is_poson_perahera"": 0.0, ""is_vesak"": 0.0, ""is_sinhala_tamil_new_year"": 0.0, ""is_christmas_new_year"": 0.0, ""is_deepavali"": 0.0, ""is_thai_pongal"": 0.0, ""is_monthly_poya_week"": 0.0, ""poya_days_away"": 0.0, ""is_school_holiday"": 1.0, ""is_any_festival"": 0.0, ""days_until_next_esala"": 0.0, ""avg_weekly_rainfall_mm"": 100.0, ""avg_temp_celsius"": 26.0, ""avg_humidity_pct"": 77.0, ""is_monsoon_week"": 0.0, ""is_covid_period"": 0.0, ""is_easter_attack_period"": 0.0, ""is_economic_crisis"": 0.0, ""is_normal_operation"": 1.0}"
2026-12-10,2026-12-16,True,0.95,lstm,1005,956,1054,"{""lookback"": 12}"
2026-12-17,2026-12-23,True,0.95,random_forest,1162,1023,1301,"{""week_of_year"": 51.0, ""month"": 12.0, ""festival_intensity_score"": 6.0, ""festival_demand_multiplier"": 1.5, ""is_esala_perahera"": 0.0, ""is_esala_preparation"": 0.0, ""is_esala_post_festival"": 0.0, ""is_august_buildup"": 0.0, ""is_poson_perahera"": 0.0, ""is_vesak"": 0.0, ""is_sinhala_tamil_new_year"": 0.0, ""is_christmas_new_year"": 1.0, ""is_deepavali"": 0.0, ""is_thai_pongal"": 0.0, ""is_monthly_poya_week"": 0.0, ""poya_days_away"": 0.0, ""is_school_holiday"": 1.0, ""is_any_festival"": 1.0, ""days_until_next_esala"": 0.0, ""avg_weekly_rainfall_mm"": 100.0, ""avg_temp_celsius"": 26.0, ""avg_humidity_pct"": 77.0, ""is_monsoon_week"": 0.0, ""is_covid_period"": 0.0, ""is_easter_attack_period"": 0.0, ""is_economic_crisis"": 0.0, ""is_normal_operation"": 1.0}"
2026-12-17,2026-12-23,True,0.95,lstm,1148,1009,1287,"{""lookback"": 12}"
2026-12-24,2026-12-30,True,0.95,random_forest,1164,1025,1303,"{""week_of_year"": 52.0, ""month"": 12.0, ""festival_intensity_score"": 6.0, ""festival_demand_multiplier"": 1.5, ""is_esala_perahera"": 0.0, ""is_esala_preparation"": 0.0, ""is_esala_post_festival"": 0.0, ""is_august_buildup"": 0.0, ""is_poson_perahera"": 0.0, ""is_vesak"": 0.0, ""is_sinhala_tamil_new_year"": 0.0, ""is_christmas_new_year"": 1.0, ""is_deepavali"": 0.0, ""is_thai_pongal"": 0.0, ""is_monthly_poya_week"": 0.0, ""poya_days_away"": 0.0, ""is_school_holiday"": 1.0, ""is_any_festival"": 1.0, ""days_until_next_esala"": 0.0, ""avg_weekly_rainfall_mm"": 100.0, ""avg_temp_celsius"": 26.0, ""avg_humidity_pct"": 77.0, ""is_monsoon_week"": 0.0, ""is_covid_period"": 0.0, ""is_easter_attack_period"": 0.0, ""is_economic_crisis"": 0.0, ""is_normal_operation"": 1.0}"
2026-12-24,2026-12-30,True,0.95,lstm,1247,1108,1386,"{""lookback"": 12}"
